"product_id","sku","name","category","date","reference_min_usd","reference_max_usd","unit","notice","material","dimensions","packaging","moq","lead_time","certificates","logistics_or_freight","capacity","color","current_price","product_type","product_tier","quality_score","review_status","listing_status","country_controlled","optimized","showcase","monthly_exposure"
"NSITEM-V731","NSTR-VESSEL-731","Harbor Sip Steel Bottle","Travel drinkware","2025-11-06","6.85","7.25","unit","This file contains fully synthetic data created for portfolio demonstration purposes.","18/8 stainless steel","245 x 72 mm","Paper sleeve; 24 units per carton","144 units","18 working days after artwork sign-off","DEMO-MAT-731: simulated material-screen result, not regulatory certification","","500 ml","Glacier blue","USD 7.25 per unit; dated catalog reference, not a binding quote","synthetic_catalog","demo","0","approved","active","false","false","false","0"
"NSITEM-V732","NSTR-VESSEL-732","Harbor Sip Wide Bottle","Travel drinkware","2025-11-06","8.35","8.95","unit","This file contains fully synthetic data created for portfolio demonstration purposes.","18/8 stainless steel","292 x 84 mm","Paper sleeve; 18 units per carton","96 units","22 working days after artwork sign-off","","","800 ml","Basalt grey","USD 8.95 per unit; dated catalog reference, not a binding quote","synthetic_catalog","demo","0","approved","active","false","false","false","0"
"NSITEM-P452A","NSTR-POD-452","Wayfarer Packing Cube Small","Travel organizers","2025-11-06","3.45","3.85","unit","This file contains fully synthetic data created for portfolio demonstration purposes.","Recycled polyester","210 x 140 x 65 mm","Paper belly band; 60 units per carton","240 units","16 working days after sample approval","","","1.9 litres","Moss green","","synthetic_catalog","demo","0","approved","active","false","false","false","0"
"NSITEM-P452B","NSTR-POD-452","Wayfarer Packing Cube Large","Travel organizers","2025-11-06","4.95","5.35","unit","This file contains fully synthetic data created for portfolio demonstration purposes.","Recycled polyester","310 x 220 x 90 mm","Paper belly band; 40 units per carton","160 units","16 working days after sample approval","","","6.1 litres","Moss green","","synthetic_catalog","demo","0","approved","active","false","false","false","0"
"NSITEM-L864","NSTR-LANTERN-864","Dusk Trail Rechargeable Lantern","Camping lights","2025-11-06","13.65","14.45","unit","This file contains fully synthetic data created for portfolio demonstration purposes.","ABS housing with silicone handle","128 x 88 x 88 mm","Moulded pulp insert; 12 units per carton","48 units","","","","2200 mAh nominal battery","Sandstone","","synthetic_catalog","demo","0","approved","active","false","false","false","0"
"NSITEM-L865","NSTR-LANTERN-865","Dusk Trail Clip Light","Camping lights","2025-11-06","9.55","10.15","unit","This file contains fully synthetic data created for portfolio demonstration purposes.","ABS housing with aluminium clip","94 x 62 x 42 mm","Moulded pulp insert; 30 units per carton","120 units","24 working days after sample approval","","","1200 mAh nominal battery","Charcoal","","synthetic_catalog","demo","0","approved","active","false","false","false","0"
"NSITEM-M963","NSTR-MAT-963","Quiet Shore Cork Desk Mat","Desk accessories","2025-11-06","5.65","6.15","unit","This file contains fully synthetic data created for portfolio demonstration purposes.","Cork with natural rubber backing","680 x 320 x 3 mm","Rolled paper wrap; 20 units per carton","80 units","14 working days after artwork sign-off","","","","Natural cork","","synthetic_catalog","demo","0","approved","active","false","false","false","0"
"NSITEM-M964","NSTR-MAT-964","Quiet Shore Felt Desk Mat","Desk accessories","2025-11-06","4.35","4.75","unit","This file contains fully synthetic data created for portfolio demonstration purposes.","Recycled PET felt","720 x 350 x 4 mm","Flat paper wrap; 25 units per carton","100 units","12 working days after artwork sign-off","","","","Heather grey","","synthetic_catalog","demo","0","approved","active","false","false","false","0"
"NSITEM-T552","NSTR-TOTE-552","Arc Fold Zip Tote","Carry bags","2025-11-06","4.15","4.55","unit","This file contains fully synthetic data created for portfolio demonstration purposes.","Recycled ripstop nylon","390 x 340 x 110 mm","Folded paper pocket; 50 units per carton","200 units","20 working days after sample approval","","","14 litres","Deep teal","","synthetic_catalog","demo","0","approved","active","false","false","false","0"
"NSITEM-T553","NSTR-TOTE-553","Arc Fold Open Tote","Carry bags","2025-11-06","3.25","3.65","unit","This file contains fully synthetic data created for portfolio demonstration purposes.","Unbleached cotton canvas","370 x 330 x 100 mm","Paper belly band; 50 units per carton","200 units","17 working days after sample approval","","","12 litres","Undyed","","synthetic_catalog","demo","0","approved","active","false","false","false","0"
